-- 실습문제 --
-- 도서관리 프로그램을 만들기 위한 테이블들 만들기 --
-- 이때, 제약조건에 이름을 부여할 것
-- 각 컬럼에 주석 달기

-- 1. 출판사들에 대한 데이터를 담기 위한 출판사 테이블(TB_PUBLISHER)
-- 컬럼 : PUB_NO (출판사 번호) - 기본키 (PUBLISHER_PK)
--        PUB_NAME (출판사명) - NOT NULL (PUBLISHER_NN)
--        PHONE (출판사 전화번호) - 제약조건 없음
DROP TABLE TB_PUBLISHER;

CREATE TABLE TB_PUBLISHER(
    PUB_NO NUMBER CONSTRAINT PUB_PK PRIMARY KEY,
    PUB_NAME VARCHAR2(30) CONSTRAINT PUB_NL NOT NULL,
    PHONE VARCHAR2(13)
);

INSERT INTO TB_PUBLISHER
VALUES(1004, '천사', '032-1234-1414');

INSERT INTO TB_PUBLISHER
VALUES(999, '비둘기', '031-1234-1414');

INSERT INTO TB_PUBLISHER
VALUES(123, '숫자', '032-1634-1414');


SELECT * FROM TB_PUBLISHER;

COMMENT ON COLUMN TB_PUBLISHER.PUB_NO IS '출판사 번호';
COMMENT ON COLUMN TB_PUBLISHER.PUB_NAME IS '출판사명';
COMMENT ON COLUMN TB_PUBLISHER.PHONE IS '출판사 전화번호';

-- 2. 도서들에 대한 데이터를 담기 위한 도서 테이블(TB_BOOK)
-- 컬럼 : BK_NO (도서번호) - 기본키 (BOOK_PK)
--        BK_TITLE (도서명) - NOT NULL (BOOK__NN_TITLE)
--        BK_AUTHOR (저자명) - NOT NULL (BOOK__NN_AUTHOR)
--        BK_PRICE (가격) - 제약조건 없음
--        BK_PUB_NO (출판사 번호) - 외래키 (BOOK_FK), TB_PUBLISHER 테이블 참조
--                                 이때 참조하고 있는 부모데이터 삭제 시 자식데이터도 삭제되도록 옵션 지정
DROP TABLE TB_BOOK;


CREATE TABLE TB_BOOK(
    BK_NO NUMBER CONSTRAINT BK_PK PRIMARY KEY,
    BK_TITLE VARCHAR2(50) CONSTRAINT BOOK_NN_TITLE NOT NULL,
    BK_AUTHOR VARCHAR2(30) CONSTRAINT BOOK_NN_AUTHOR NOT NULL,
    BK_PRICE NUMBER,
    BK_PUB_NO NUMBER,
    CONSTRAINT BOOK_FK FOREIGN KEY (BK_PUB_NO) 
    REFERENCES TB_PUBLISHER 
    ON DELETE CASCADE 
);
INSERT INTO TB_BOOK
VALUES (1, '이름없는', '저자', 200000, 1004);
INSERT INTO TB_BOOK
VALUES (2, '이름있는', '미리', 20000, 999);
INSERT INTO TB_BOOK
VALUES (3, '날개', '이상', 100000, 123);
INSERT INTO TB_BOOK
VALUES (4, '오감도', '이상', 25000, 123);
INSERT INTO TB_BOOK
VALUES (5, '이름', '저자', 30000, 1004);


SELECT * FROM TB_BOOK;


COMMENT ON COLUMN TB_BOOK.BK_NO IS '도서 번호';
COMMENT ON COLUMN TB_BOOK.BK_TITLE IS '도서명';
COMMENT ON COLUMN TB_BOOK.BK_AUTHOR IS '저자';
COMMENT ON COLUMN TB_BOOK.BK_PRICE IS '가격';
COMMENT ON COLUMN TB_BOOK.BK_PUB_NO IS '출판사 번호';



-- 샘플 5개 정도 생성

-- 3. 회원에 대한 데이터를 담기 위한 회원 테이블(TB_MEMBER)
-- 컬럼 : MEMBER_NO (회원번호) - 기본키 (MEMBER_PK)
--        MEMBER_ID (아이디) - 중복금지 (MEMBER_UQ_ID)
--        MEMBER_PWD (비밀번호) - NOT NULL (MEMBER_NN_PWD)
--        MEMBER_NAME (회원명) - NOT NULL (MEMBER_NN_NAME)
--        GENDER (성별) - M 또는 F로 제한 (MEMBER_CK_GEN)
--        ADDRESS (주소) - 제약조건 없음
--        PHONE (연락처) - 제약조건 없음
--        STATUS (탈퇴여부) - 기본값 N, N 또는 Y만 허용 (MEMBER_CK_STA)
--        ENROLL_DATE (가입일) - 기본값 SYSDATE, NOT NULL (MEMBER_NN_EN)

DROP TABLE TB_MEMBER;

CREATE TABLE TB_MEMBER (
    MEMBER_NO NUMBER CONSTRAINT MEMBER_PK PRIMARY KEY,
    MEMBER_ID VARCHAR2(30) CONSTRAINT MEMBER_UQ_ID UNIQUE,
    MEMBER_PWD VARCHAR2(30) CONSTRAINT MEMBER_NN_PWD NOT NULL,
    MEMBER_NAME VARCHAR2(20) CONSTRAINT MEMBER_NN_NAME NOT NULL,
    GENDER VARCHAR(1) CONSTRAINT MEMBER_CK_GEN CHECK(GENDER IN ('M', 'F')),
    ADDRESS VARCHAR(50),
    PHONE VARCHAR(15),
    STATUS VARCHAR(1) DEFAULT 'N' CONSTRAINT MEMBER_CK_STA CHECK(STATUS IN('N', 'Y')),
    ENROLL_DATE DATE DEFAULT SYSDATE CONSTRAINT MEMBER_NN_EN NOT NULL
);

DROP TABLE TB_MEMBER;

INSERT INTO TB_MEMBER
VALUES (1, 'QWER1234', 'ASD123', '홍길동', 'M', '인천', '010-1231-1411', 'N',DEFAULT);
INSERT INTO TB_MEMBER
VALUES (2, 'QWER12345', 'ASD123', '홍길순', 'F', '서울', '010-1231-1411', 'Y',DEFAULT);
INSERT INTO TB_MEMBER
VALUES (3, 'QWER12346', 'ASD123', '홍길일', 'M', '인천', '010-1231-1411', 'N',DEFAULT);
INSERT INTO TB_MEMBER
VALUES (4, 'QWER12347', 'ASD123', '홍길이', 'F', '인천', '010-1231-1411', 'N',DEFAULT);
INSERT INTO TB_MEMBER
VALUES (5, 'QWER12348', 'ASD123', '홍길삼', 'M', '인천', '010-1231-1411', 'N',DEFAULT);

SELECT * FROM TB_MEMBER;
-- 샘플 5개 정도 생성

-- 4. 어떤 회원이 어떤 도서를 대여했는지에 대한 대여목록 테이블(TB_RENT)
-- 컬럼 : RENT_NO (대여번호) - 기본키 (RENT_PK)
--        RENT_MEM_NO (대여회원번호) - 외래키 (RENT_FK_MEM), TB_MEMBER 참조
--                                     부모 데이터 삭제 시 자식데이터 값이 NULL이 되도록 지정
--        RENT_BOOK_NO (대여도서번호) - 외래키 (RENT_FK_BOOK), TB_BOOK 참조
--                                      부모 데이터 삭제 시 자식데이터 값이 NULL이 되도록 지정
--        RENT_DATE (대여일) - 기본값 SYSDATE

DROP TABLE TB_RENT;

CREATE TABLE TB_RENT(
    RENT_NO NUMBER CONSTRAINT RENT_PK PRIMARY KEY,
    RENT_MEM_NO NUMBER,
    RENT_BOOK_NO NUMBER,
    RENT_DATE DATE DEFAULT SYSDATE,
    CONSTRAINT RENT_FK_MEM_NO FOREIGN KEY(RENT_MEM_NO) REFERENCES TB_MEMBER ON DELETE SET NULL,
    CONSTRAINT RENT_FK_BOOK_NO FOREIGN KEY(RENT_BOOK_NO) REFERENCES TB_BOOK ON DELETE SET NULL
  );  

INSERT INTO TB_RENT
VALUES (1, 1, 1, DEFAULT);
INSERT INTO TB_RENT
VALUES (2, 2, 2, DEFAULT);
INSERT INTO TB_RENT
VALUES (3, 3, 3, DEFAULT);

SELECT * FROM TB_RENT;
-- 샘플 3개 정도 생성

-- 대여목록 조회
-- TB_RENT, TB_MEMBER, TB_BOOK 테이블을 JOIN하여 대여 정보를 조회
SELECT * 
FROM TB_RENT
JOIN TB_MEMBER ON (RENT_MEM_NO = MEMBER_NO)
JOIN TB_BOOK ON (RENT_BOOK_NO = BK_NO);